{
  "id" : "AJzT_vhvi63tfqlQBSJct_k",
  "timestamp" : "2020-05-28T19:53:22.839Z[UTC]",
  "appAdamId" : 1512664206,
  "cfBundleShortVersion" : "1.4.1",
  "cfBundleVersion" : "1",
  "deviceModel" : "iPhone12,1",
  "osVersion" : "13.4.1",
  "locale" : "tr-TR",
  "carrier" : null,
  "timezone" : "Europe/Istanbul",
  "architecture" : "arm64e",
  "connectionStatus" : "MOBILE_DATA",
  "pairedAppleWatch" : "",
  "appUptimeMillis" : null,
  "availableDiskBytes" : 4540035072,
  "totalDiskBytes" : 63978983424,
  "networkType" : null,
  "batteryPercentage" : 41,
  "screenWidth" : 414,
  "screenHeight" : 896,
  "emailAddress" : "muratates05@hotmail.com",
  "comment" : "Kapandı"
}