{
  "id" : "AFOrXgU2mtKfMuVp_jDQCMg",
  "timestamp" : "2020-06-16T18:22:08.467Z[UTC]",
  "appAdamId" : 1512664206,
  "cfBundleShortVersion" : "1.5.3",
  "cfBundleVersion" : "1",
  "deviceModel" : "iPhone9,3",
  "osVersion" : "13.5.1",
  "locale" : "tr-TR",
  "carrier" : "Turkcell",
  "timezone" : "Europe/Istanbul",
  "architecture" : "arm64",
  "connectionStatus" : "MOBILE_DATA",
  "pairedAppleWatch" : "",
  "appUptimeMillis" : null,
  "availableDiskBytes" : 2816303104,
  "totalDiskBytes" : 31989469184,
  "networkType" : "LTE",
  "batteryPercentage" : 4,
  "screenWidth" : 375,
  "screenHeight" : 667,
  "emailAddress" : "dogukan.gogceoglu@icloud.com",
  "comment" : "Gene"
}