{
  "id" : "AEGkKKavJQ6vATshSghsiew",
  "timestamp" : "2020-06-16T18:24:55.476Z[UTC]",
  "appAdamId" : 1512664206,
  "cfBundleShortVersion" : "1.5.3",
  "cfBundleVersion" : "1",
  "deviceModel" : "iPhone10,5",
  "osVersion" : "13.5.1",
  "locale" : "tr-TR",
  "carrier" : "Turk Telekom",
  "timezone" : "Europe/Istanbul",
  "architecture" : "arm64",
  "connectionStatus" : "MOBILE_DATA",
  "pairedAppleWatch" : "",
  "appUptimeMillis" : null,
  "availableDiskBytes" : 8399564800,
  "totalDiskBytes" : 63978983424,
  "networkType" : "HSDPA",
  "batteryPercentage" : 30,
  "screenWidth" : 414,
  "screenHeight" : 736,
  "emailAddress" : "amasyaadem005@icloud.com",
  "comment" : null
}