{
  "id" : "AM4mUcqu-KHVNlaiQUImy3c",
  "timestamp" : "2020-06-16T18:26:20.965Z[UTC]",
  "appAdamId" : 1512664206,
  "cfBundleShortVersion" : "1.5.3",
  "cfBundleVersion" : "1",
  "deviceModel" : "iPhone9,3",
  "osVersion" : "13.5.1",
  "locale" : "tr-TR",
  "carrier" : "Turkcell",
  "timezone" : "Europe/Istanbul",
  "architecture" : "arm64",
  "connectionStatus" : "MOBILE_DATA",
  "pairedAppleWatch" : "",
  "appUptimeMillis" : null,
  "availableDiskBytes" : 2818719744,
  "totalDiskBytes" : 31989469184,
  "networkType" : "LTE",
  "batteryPercentage" : 6,
  "screenWidth" : 375,
  "screenHeight" : 667,
  "emailAddress" : "dogukan.gogceoglu@icloud.com",
  "comment" : "Bu sefer nie patladı anlamadım"
}