{
  "id" : "AKWSWIENY_LUoxl5LvocBrg",
  "timestamp" : "2020-06-08T19:07:43.753Z[UTC]",
  "appAdamId" : 1512664206,
  "cfBundleShortVersion" : "1.4.8",
  "cfBundleVersion" : "1",
  "deviceModel" : "iPhone10,5",
  "osVersion" : "13.4.1",
  "locale" : "tr-TR",
  "carrier" : "Turk Telekom",
  "timezone" : "Europe/Istanbul",
  "architecture" : "arm64",
  "connectionStatus" : "MOBILE_DATA",
  "pairedAppleWatch" : "",
  "appUptimeMillis" : null,
  "availableDiskBytes" : 10617303040,
  "totalDiskBytes" : 63978983424,
  "networkType" : "HSDPA",
  "batteryPercentage" : 13,
  "screenWidth" : 414,
  "screenHeight" : 736,
  "emailAddress" : "amasyaadem005@icloud.com",
  "comment" : null
}