{
  "id" : "AK5e4ae5Jpzf0gdJAAQ_6ME",
  "timestamp" : "2020-05-28T20:06:10.015Z[UTC]",
  "appAdamId" : 1512664206,
  "cfBundleShortVersion" : "1.4.1",
  "cfBundleVersion" : "1",
  "deviceModel" : "iPhone9,3",
  "osVersion" : "13.4.1",
  "locale" : "tr-TR",
  "carrier" : "Turkcell",
  "timezone" : "Europe/Istanbul",
  "architecture" : "arm64",
  "connectionStatus" : "WI_FI",
  "pairedAppleWatch" : "",
  "appUptimeMillis" : null,
  "availableDiskBytes" : 2147610624,
  "totalDiskBytes" : 31989469184,
  "networkType" : "LTE",
  "batteryPercentage" : 37,
  "screenWidth" : 375,
  "screenHeight" : 667,
  "emailAddress" : "dogukan.gogceoglu@icloud.com",
  "comment" : "Ekle butonu"
}