{
  "id" : "AOQrwRzC-e0l9L6JLyqKoyo",
  "timestamp" : "2020-06-09T11:22:21.675Z[UTC]",
  "appAdamId" : 1512664206,
  "cfBundleShortVersion" : "1.4.9",
  "cfBundleVersion" : "1",
  "deviceModel" : "iPhone9,3",
  "osVersion" : "13.4.1",
  "locale" : "tr-TR",
  "carrier" : "Turkcell",
  "timezone" : "Europe/Istanbul",
  "architecture" : "arm64",
  "connectionStatus" : "WI_FI",
  "pairedAppleWatch" : "",
  "appUptimeMillis" : null,
  "availableDiskBytes" : 3958693888,
  "totalDiskBytes" : 31989469184,
  "networkType" : "LTE",
  "batteryPercentage" : 71,
  "screenWidth" : 375,
  "screenHeight" : 667,
  "emailAddress" : "dogukan.gogceoglu@icloud.com",
  "comment" : "Patladı"
}